﻿<?xml version="1.0" encoding="utf-8"?>
<abapGit version="v1.0.0" serializer="LCL_OBJECT_PROG" serializer_version="v1.0.0">
 <asx:abap xmlns:asx="http://www.sap.com/abapxml" version="1.0">
  <asx:values>
   <PROGDIR>
    <NAME>YSRILOP_R00012D</NAME>
    <SUBC>1</SUBC>
    <RLOAD>E</RLOAD>
    <FIXPT>X</FIXPT>
    <UCCHECK>X</UCCHECK>
   </PROGDIR>
   <TPOOL>
    <item>
     <ID>R</ID>
     <ENTRY>Report Control PR PO GR</ENTRY>
     <LENGTH>23</LENGTH>
    </item>
    <item>
     <ID>S</ID>
     <KEY>LISTBOX</KEY>
     <ENTRY>Status PR</ENTRY>
     <LENGTH>17</LENGTH>
    </item>
    <item>
     <ID>S</ID>
     <KEY>S_BADAT</KEY>
     <ENTRY>PR Date</ENTRY>
     <LENGTH>15</LENGTH>
    </item>
    <item>
     <ID>S</ID>
     <KEY>S_EKGRP</KEY>
     <ENTRY>Purch. Group</ENTRY>
     <LENGTH>20</LENGTH>
    </item>
    <item>
     <ID>S</ID>
     <KEY>S_MATNR</KEY>
     <ENTRY>Material</ENTRY>
     <LENGTH>16</LENGTH>
    </item>
    <item>
     <ID>S</ID>
     <KEY>S_PRNUM</KEY>
     <ENTRY>PR Number</ENTRY>
     <LENGTH>35</LENGTH>
    </item>
    <item>
     <ID>S</ID>
     <KEY>S_WBS</KEY>
     <ENTRY>WBS Element</ENTRY>
     <LENGTH>19</LENGTH>
    </item>
   </TPOOL>
  </asx:values>
 </asx:abap>
</abapGit>
